experience,test_score(out of 10),interview_score(out of 10),salary($)
0,9,7,49785.29839883551
5,7,6,57953.42066957787
3,6,8,54892.285298398834
0,3,6,36505.82241630276
2,7,5,47309.31586608442
9,9,8,77307.13245997089
10,8,9,80479.62154294032
4,6,5,51089.51965065502
6,7,5,58561.135371179036
7,10,9,75732.16885007278
